#/log,DATA CREATED,データ作成日,20070801,,,,,,,
#/doc,DATA CREATER,データ作成者,蒔田明史,,,,,,,
#,DATA TITLE,データ名,Temporal Change in Tree Girth at Breast Height at Nibuna-mizusawa （NB-EC1).,,,,,,,
#,SITE NAME,サイト名,仁鮒水沢(スギ保護林),,,,,,,
#,PLOT NAME,調査区名,-,,,,,,,
#,PLOT CODE,調査区コード,NB-EC1,,,,,,,
#,PLOT SIZE,面積,1ha,50x200ｍ,,,,,,
#,PRAMETER DEFINITIONS,mesh_xcord,10ｍ方形区ｘ座標,,,,,,,
#,,mesh_ｙcord,10ｍ方形区ｙ座標,,,,,,,
#,,tag_no,幹タグ番号,,,,,,,
#,,indv_no,個体タグ番号,,,,,,,
#,,stem_xcord,幹のx座標（10m方形区内での座標）,,,,,,,
#,,stem_ycord,幹のｙ座標（10m方形区内での座標）,,,,,,,
#,,spc_japan,種名,,,,,,,
#,,gbh,胸高周囲長〔cm〕,,,,,,,
#,,note,備考,,,,,,,
#,,s_data,調査日,,,,,,,
#/note,,gbh（t+1）-gbh(t)>6　もしくは<−3は測定間違いとする,,,,,,,,
#/log,20071126,Data of 2006 was arranged.,,,,,,,,
#,,,,,,,,,,
#,20090916,tag_no=288が二個体あったため、サワグルミを288.1し、個体番号も変更,,,,,,,,
#,,indv_no=Y35が樹種、場所が異なるため、tag_no=B35のindv_no=Y35.1とした,,,,,,,,
#,,note06.1にref-IDを入力、樹種同定不確かなものはnaにした,,,,,,,,
#,20091020,"mesh_xcord,mesh_ycord has been changed to Moni1000 format.",,,,,,,,
#,20101116,"tag=R147,148,149,R110重複。同一幹の可能性あり。-> 片方の行頭に#をつけた",,,,,,,,
#,,tag=B229は同一株内で重複-> -1 -2をつけた,,,,,,,,
#,20110107,イタヤカエデ->アカイタヤ,,,,,,,,
#/data,,,,,,,,,,
#70,0,R110,Y101,0,9,ハクウンボク,25.9 ,xはＮＳ方向,02_P549,20061003
"mesh_xcord","mesh_ycord","tag_no","indv_no","stem_xcord","stem_ycord","spc_japan","gbh06","note06","note06.1","s_date06","dl06","rec06","error06"
0,0,"R232","P145","9.0 ","7.0 ","スギ",376,"233と同株","02_P145",20061003,0,0,0
0,0,"R233","P145","9.0 ","6.0 ","スギ",227.2,"P145と同株","06_R233",20061003,0,0,0
0,0,"R235","P56","5.0 ","9.0 ","トチノキ",79.1,NA,"02_P560",20061003,0,0,0
0,0,"R234","R234","7.0 ","9.5 ","キブシ",15.5,"新規","06_R234",20061003,0,-1,0
10,0,"R231","P558","0.0 ","6.0 ","コシアブラ",33.3,"ペンキなし","02_P558",20061003,0,0,0
10,0,"R225","P559","0.0 ","4.0 ","トチノキ",22.1,NA,"02_P559",20061003,0,0,0
10,0,"R223","R223","9.0 ","6.0 ",NA,16.5,"新規　斜め 落葉種不明","06_R223",20061003,0,0,0
10,0,"R224","R224","9.0 ","6.0 ",NA,17.8,"新規　斜め 落葉種不明","06_R224",20061003,0,0,0
20,0,"R222","P141","1.0 ","3.0 ","スギ",462,NA,"02_P141",20061003,0,0,0
20,0,"R221","P142","1.0 ","7.0 ","スギ",299.2,NA,"02_P142",20061003,0,0,0
30,0,"R217","P139","9.0 ","8.0 ","スギ",395.3,NA,"02_P139",20061003,0,0,0
30,0,"R218","P554","6.0 ","4.0 ","トチノキ",23,"219と同株","02_P554",20061003,0,0,0
30,0,"R219","P554","6.0 ","4.0 ","トチノキ",21.4,"新規　P554の1本　R218と同株　前回はラベル１コのみ　1mで２分岐","06_R219",20061003,0,0,0
30,0,"R220","P555","0.0 ","2.0 ","トチノキ",34.4,NA,"02_P555",20061003,0,0,0
40,0,"R213","P134","5.0 ","2.0 ","スギ",222.5,NA,"02_P134",20061003,0,0,0
40,0,"R211","P135","9.0 ","2.0 ","スギ",265.3,NA,"02_P135",20061003,0,0,0
40,0,"R214","P136","6.0 ","7.0 ","スギ",400.4,NA,"02_P136",20061003,0,0,0
40,0,"R215","P138","4.0 ","9.5 ","スギ",226.3,"前回データ間違い→修正済","02_P138",20061003,0,0,0
50,0,"R209","P128","7.0 ","4.0 ","スギ",162.1,"南側","02_P128",20061003,0,0,0
50,0,"R210","P129","5.0 ","2.0 ","スギ",268.9,"南側","02_P129",20061003,0,0,0
60,0,"R109","P133","9.0 ","10.0 ","スギ",305,"南側","02_P133",20061003,0,0,0
60,0,"R177","P548","2.0 ","9.0 ","エゴノキ",29.2,"南側","02_P548",20061003,0,0,0
60,0,"R110","P549","9.5 ","9.5 ","ハクウンボク",25.9,"南側","02_P549",20061003,0,0,0
60,0,"R178","R178","2.0 ","5.0 ",NA,18.3,"新規ミズナラ？","06_R178",20061003,0,0,0
70,0,"P546-1","Y01","8","8","トチノキ",65.8,"Ｎ側　1.3Ｍで2分岐","00_Y01-1",20061003,0,0,0
70,0,"P546-2","Y01","8","8","トチノキ",66.4,"Ｓ側　1.3Ｍで2分岐","00_Y01-2",20061003,0,0,0
80,0,NA,"49 ","9.7","6.2","トチノキ",NA,NA,"80_49",20061003,1,-1,0
80,0,NA,"52 ","4.4","6.1","トチノキ",NA,NA,"80_52",20061003,1,-1,0
80,0,"P120","Y02","7","1","スギ",327.1,NA,"00_Y02",20061003,0,0,0
90,0,NA,"50 ","0.5","6.2","トチノキ",NA,NA,"80_50",20061003,1,-1,0
90,0,"P117","Y04","8","2","スギ",321.9,NA,"00_Y04",20061003,0,0,0
90,0,"P540","Y08","6","8","ホオノキ",27.3,NA,"00_Y08",20061003,0,0,0
90,0,"P872","Y102","6","3","オオバクロモジ",15,"1.2Ｍで分岐太い方のみ測定","04_Y102",20061003,0,-1,0
100,0,NA,"42 ","4.1","9.7","スギ",NA,NA,"80_42",20061003,1,-1,0
100,0,NA,"43 ","7.8","4.6","トチノキ",NA,NA,"80_43",20061003,1,-1,0
100,0,"P539-1","Y06","1","9","クサギ",NA,"枯21.4","00_Y06-1",20061003,1,-1,0
100,0,"P539-2","Y06","1","9","クサギ",NA,"枯9.5","00_Y06-2",20061003,1,-1,0
100,0,"P859","Y07","2","8","ホオノキ",27.3,"ラベル回収","00_Y07",20061003,0,0,0
100,0,"P873","Y103","1","5","クサギ",NA,"12.5","04_Y103",20061003,2,0,0
100,0,"P537-1","Y104","0","1","ウワミズザクラ",17.9,"同株 南側　オオバクロモジをウワミズに訂正","02_P537",20061003,0,0,0
100,0,"P537-2","Y104","0","1","ウワミズザクラ",16.2,"同株 北側","04_P537-2",20061003,0,0,0
100,0,"P874","Y105","4","1","エゴノキ",NA,"14.4","04_Y105",20061003,2,0,0
100,0,"P534","Y106","8","0","サワグルミ",17.9,NA,"02_P534",20061003,0,0,0
100,0,"P535","Y107","8","1","サワグルミ",NA,"14.1Ｙラベル割れ　なし","02_P535",20061003,2,0,0
100,0,"P536","Y108","10","1","サワグルミ",NA,"14.9","02_P536",20061003,2,0,0
100,0,"P533","Y108","9.5","1","サワグルミ",16.6,NA,"02_P533",20061003,0,0,0
100,0,"P532","Y110","10","2","サワグルミ",19.8,NA,"02_P532",20061003,0,0,0
100,0,"P861","Y111","9","2","ウワミズザクラ",NA,"13.9","04_Y111",20061003,2,0,0
100,0,"P531","Y112","9.5","3.5","クサギ",NA,"枯れ12.3","02_P531",20061003,1,-1,0
100,0,"P530","Y112","9","4","クサギ",NA,"枯れ16.9","02_P530",20061003,1,-1,0
100,0,"P529","Y112","8.5","4","クサギ",17.4,NA,"02_P529",20061003,0,0,0
100,0,"P528","Y115","8","3","ヤマグワ",24.1,NA,"02_P528",20061003,0,0,0
100,0,"P860","Y116","9","9","イイギリ",34.9,"生枝多数　　　　　　　　　　　　　　　完全に倒れる　イキ","02_P860",20061003,0,0,0
110,0,"P116","P116","1.0 ","3.0 ","スギ",361,NA,"02_P116",20061003,0,0,0
110,0,"P526","P526","2.0 ","4.0 ","クサギ",NA,"枯れ GBH29.6","02_P526",20061003,1,-1,0
110,0,"P875","P875","1.0 ","2.5 ","タラノキ",16.1,"新規","06_P875",20061003,0,0,0
120,0,"P901","P114","1.0 ","9.5 ","スギ",255.7,"ペンキなし","02_P114",20061003,0,0,0
120,0,"P900","P115","6.0 ","4.0 ","スギ",137.7,NA,"02_P115",20061003,0,0,0
120,0,"P505","P505","9.0 ","9.5 ","ヤマモミジ",72.5,"ツル抜き","02_P505",20061003,0,0,0
120,0,"P520","P520","8.0 ","5.0 ","アワブキ",30.5,NA,"02_P520",20061003,0,0,0
120,0,"P898","P520","8.0 ","5.0 ","アワブキ",18.2,"新規　P520と同株","06_P898",20061003,0,0,0
120,0,"P899","P520","8.0 ","5.0 ","アワブキ",16.2,"新規　P520と同株","06_P899",20061003,0,0,0
120,0,"P524","P524","1.0 ","9.0 ","マルバアオダモ",NA,"2分岐　0.8mH　E側34.3　W側37.8　どちらもツル込み","02_P524",20061003,2,0,0
120,0,"P525","P525","1.0 ","9.0 ","マルバアオダモ",17.8,NA,"02_P525",20061003,0,0,0
130,0,"P895","P108","5.0 ","4.0 ","スギ",325.5,"ペンキなし","02_P108",20061003,0,0,0
130,0,"P501","P501","3.0 ","3.0 ",NA,36.2,"オオヤマザクラ？","02_P501",20061003,0,0,0
130,0,"P502","P502","4.5 ","6.0 ","マルバアオダモ",19.5,NA,"02_P502",20061003,0,0,0
130,0,"P503","P503","4.0 ","9.5 ","アカイタヤ",51.9,"ツル抜き","02_P503",20061003,0,0,0
130,0,"P504","P504","2.0 ","9.5 ","ブナ",63.3,NA,"02_P504",20061003,0,0,0
130,0,"P896","P896","5.0 ","1.0 ","アワブキ",20.9,"新規　P896，897同株","06_P896",20061003,0,0,0
130,0,"P897","P896","5.0 ","1.0 ","アワブキ",22.5,"新規　P896，897同株","06_P897",20061003,0,0,0
140,0,"P894","P109","1.0 ","1.0 ","スギ",253.8,NA,"02_P109",20061003,0,0,0
140,0,"P883","P110","5.0 ","7.0 ","スギ",286.6,"ペンキなし","02_P110",20061003,0,0,0
140,0,"P890","P111","17.3 ","18.2 ","スギ",268.8,NA,"02_P111",20061003,0,0,0
140,0,"P512","P512","6.0 ","9.0 ","ホオノキ",21.8,"ツル抜き","02_P512",20061003,0,0,0
140,0,"P881","P512","6.0 ","9.0 ","ホオノキ",18.9,"新規　P512と同株","06_P881",20061003,0,0,0
140,0,"P882","P512","6.0 ","9.0 ","ホオノキ",16.6,"新規　P512と同株 　ツル巻き込み　ツルの無い所で測定","06_P882",20061003,0,0,0
140,0,"P513","P513","2.0 ","9.0 ","サンショウ",21.9,NA,"02_P513",20061003,0,0,0
140,0,"P515","P515","2.0 ","3.0 ","ミズキ",35.2,NA,"02_P515",20061003,0,0,0
140,0,"P516","P516","2.5 ","3.0 ","ミズキ",NA,"14.7","02_P516",20061003,2,0,0
140,0,"P517","P517","2.3 ","3.0 ","ミズキ",25.5,NA,"02_P517",20061003,0,0,0
140,0,"P518","P518","4.0 ","2.0 ","アカイタヤ",24.1,NA,"02_P518",20061003,0,0,0
140,0,"P888","P888","7.0 ","7.0 ","マルバアオダモ",17.1,"新規","06_P888",20061003,0,0,0
140,0,"P889","P889","6.5 ","7.0 ","トチノキ",20.1,"新規","06_P889",20061003,0,0,0
140,0,"P891","P891","7.0 ","1.0 ","トチノキ",23.3,"新規","06_P891",20061003,0,0,0
140,0,"P892","P892","6.5 ","1.0 ","アワブキ",20.7,"新規","06_P892",20061003,0,0,0
140,0,"P893","P893","2.0 ","2.0 ","ハクウンボク",21,"新規","06_P893",20061003,0,0,0
150,0,"P903","P903","1.5","1.5","ウワミズザクラ",24.2,"P903,904同株","06_P903",20061003,0,0,0
150,0,"P904","P903","1.5","1.5","ウワミズザクラ",17.1,"P903,904同株","06_P904",20061003,0,0,0
150,0,"P905","P905","4","0.5","アカイタヤ",89.8,NA,"06_P905",20061003,0,0,0
150,0,"P906","P906","7","3","ハクウンボク",44,NA,"06_P906",20061003,0,0,0
150,0,"P907","P907","9","5","スギ",209,NA,"06_P907",20061003,0,0,0
150,0,"P908","P908","7","7","スギ",198,NA,"06_P908",20061003,0,0,0
150,0,"P909","P909","8","8","スギ",247.9,NA,"06_P909",20061003,0,0,0
150,0,"P910","P910","4","8","トチノキ",91.8,NA,"06_P910",20061003,0,0,0
150,0,"P911","P911","10","5","アワブキ",21.5,"P911,912同株","06_P911",20061003,0,0,0
150,0,"P912","P911","10","5","アワブキ",32.8,"P911,912同株","06_P912",20061003,0,0,0
150,0,"P913","P913","10","5","アワブキ",20,NA,"06_P913",20061003,0,0,0
150,0,"P914","P914","10","7","アワブキ",32.7,NA,"06_P914",20061003,0,0,0
150,0,NA,NA,"6","4","スギ",NA,"枯れ119.4","06_old1",20061003,1,-1,0
150,0,NA,NA,"8.5","9","スギ",NA,"ツル込み67.3","06_old2",20061003,1,-1,0
160,0,"R111","R111","2","2","ホオノキ",17.7,NA,"06_R111",20061003,0,0,0
160,0,"R113","R113","2","6","ハクウンボク",16.4,NA,"06_R113",20061003,0,0,0
160,0,"R114","R114","6","6","ホオノキ",18.1,NA,"06_R114",20061003,0,0,0
160,0,"R115","R115","6","5","ハクウンボク",16.8,NA,"06_R115",20061003,0,0,0
160,0,"R116","R116","7","4.5","ヒバ",40.5,"R116-123 ヒノキアスナロ 同株では？","06_R116",20061003,0,0,0
160,0,"R117","R117","8","1.5","ホオノキ",19.7,"ツル込み","06_R117",20061003,0,0,0
160,0,"R118","R118","7","1","ヒバ",71.2,"R116-123 ヒノキアスナロ 同株では？","06_R118",20061003,0,0,0
160,0,"R119","R119","9","1","ヒバ",104.9,"R116-123 ヒノキアスナロ 同株では？","06_R119",20061003,0,0,0
160,0,"R120","R120","9.5","1","ヒバ",16.3,"R116-123 ヒノキアスナロ 同株では？","06_R120",20061003,0,0,0
170,0,"R121","R121","2","1","ヒバ",25.7,"R116-123 ヒノキアスナロ 同株では？","06_R121",20061003,0,0,0
170,0,"R122","R122","5","2","トチノキ",101,NA,"06_R122",20061003,0,0,0
170,0,"R123","R123","6","0","ヒバ",41.3,"R116-123 ヒノキアスナロ 同株では？","06_R123",20061003,0,0,0
170,0,"R124","R124","6","3","スギ",106,NA,"06_R124",20061003,0,0,0
170,0,"R125","R125","6","4","ヒバ",26.3,"R116-123 ヒノキアスナロ 同株では？","06_R125",20061003,0,0,0
170,0,"R126","R126","5.5","5","ヒバ",18.7,"R116-123 ヒノキアスナロ 同株では？","06_R126",20061003,0,0,0
170,0,"R127","R127","6","5","ヒバ",28.4,"R116-123 ヒノキアスナロ 同株では？","06_R127",20061003,0,0,0
170,0,"R128","R128","8","5","ヒバ",15,"R116-123 ヒノキアスナロ 同株では？","06_R128",20061003,0,-1,0
170,0,"R129","R129","8","2","ヒバ",15.1,"R116-123 ヒノキアスナロ 同株では？","06_R129",20061003,0,-1,0
170,0,"R130","R130","2","6","スギ",229,NA,"06_R130",20061003,0,0,0
170,0,"R131","R131","1","6","ホオノキ",16.7,NA,"06_R131",20061003,0,0,0
170,0,"R132","R132","0","6","ホオノキ",28,NA,"06_R132",20061003,0,0,0
170,0,"R133","R133","2","8","マルバアオダモ",20,"R133、134同株","06_R133",20061003,0,0,0
170,0,"R134","R133","2","8","マルバアオダモ",22.9,"R133、134同株","06_R134",20061003,0,0,0
170,0,"R137","R137","8","8.5","ハクウンボク",16,NA,"06_R137",20061003,0,0,0
170,0,"R138","R138","8.5","9.5","スギ",186.9,"ツル１本だけ込み","06_R138",20061003,0,0,0
170,0,"R139","R139","9","8.5","スギ",82.7,"樹皮がかなりはがれている","06_R139",20061003,0,0,0
180,0,"R150","R150","1","7","ホオノキ",23.3,NA,"06_R150",20061003,0,0,0
180,0,"R151","R151","4","8","ホオノキ",22.2,NA,"06_R151",20061003,0,0,0
180,0,"R152","R152","1","3","スギ",119.4,"ラベルなし","06_R152",20061003,0,0,0
180,0,"R153","R153","4","0.5","ウワミズザクラ",19,"R153、154同株","06_R153",20061003,0,0,0
180,0,"R154","R153","4","0.5","ウワミズザクラ",21.7,"R153、154同株","06_R154",20061003,0,0,0
180,0,"R155","R155","8","2","ミズナラ",16.7,"Ｒ155-159同株","06_R155",20061003,0,0,0
180,0,"R156","R155","8","2","ミズナラ",23.5,"Ｒ155-159同株","06_R156",20061003,0,0,0
180,0,"R157","R155","8","2","ミズナラ",17.1,"Ｒ155-159同株","06_R157",20061003,0,0,0
180,0,"R158","R155","8","2","ミズナラ",19,"Ｒ155-159同株","06_R158",20061003,0,0,0
180,0,"R159","R155","8","2","ミズナラ",15,"Ｒ155-159同株","06_R159",20061003,0,-1,0
180,0,"R160","R160","8","0","ホオノキ",23.6,NA,"06_R160",20061003,0,0,0
180,0,"R161","R161","9.5","4","アカイタヤ",15.3,NA,"06_R161",20061003,0,-1,0
180,0,"R162","R162","5","10","ハクウンボク",16.2,NA,"06_R162",20061003,0,0,0
190,0,"R163","R163","2","9",NA,17.2,"落葉のため不明、シウリザクラ？","06_R163",20061003,0,0,0
190,0,"R164","R164","2","6","アカイタヤ",17.7,NA,"06_R164",20061003,0,0,0
190,0,"R165","R165","4","5",NA,NA,"枯れ17.4クサギ?","06_R165",20061003,1,-1,0
190,0,"R166","R166","3","4","ハクウンボク",15.6,NA,"06_R166",20061003,0,-1,0
190,0,"R167","R167","3","4","タラノキ",17.9,NA,"06_R167",20061003,0,0,0
190,0,"R168","R168","5","0.5",NA,NA,"枯れ？，広葉樹　マメ科18.3","06_R168",20061003,1,-1,0
190,0,"R169","R169","5","3","クサギ",15.5,NA,"06_R169",20061003,0,-1,0
190,0,"R170","R170","10","9","アワブキ",20.4,"R170-174　同株","06_R170",20061003,0,0,0
190,0,"R171","R170","10","9","アワブキ",16.4,"R170-174　同株","06_R171",20061003,0,0,0
190,0,"R172","R170","10","9","アワブキ",21.6,"R170-174　同株","06_R172",20061003,0,0,0
190,0,"R173","R170","10","9","アワブキ",42.3,"R170-174　同株","06_R173",20061003,0,0,0
190,0,"R174","R170","10","9","アワブキ",36.2,"R170-174　同株","06_R174",20061003,0,0,0
190,0,"R175","R175","8","7","アワブキ",15.7,NA,"06_R175",20061003,0,0,0
190,0,"R176","R176","7","8",NA,15,"シウリザクラ？","06_R176",20061003,0,-1,0
0,10,"R236","P146","5.0 ","6.0 ","スギ",167.6,NA,"02_P146",20061003,0,0,0
0,10,"R237","P561","5.0 ","6.0 ","コミネカエデ",23.9,"0.8mＨで２分岐","02_P561",20061003,0,0,0
0,10,"R238","P561","5.0 ","6.0 ","コミネカエデ",31.2,"0.8mＨで２分岐","06_R238",20061003,0,0,0
0,10,"R239","P562","5.0 ","7.0 ","コミネカエデ",31.1,NA,"02_P562",20061003,0,0,0
10,10,"R226","P143","7.0 ","4.0 ","スギ",289.9,NA,"02_P143",20061003,0,0,0
10,10,"R227","P144","9.0 ","9.0 ","スギ",147.6,NA,"02_P144",20061003,0,0,0
10,10,"R228","P556","2.0 ","8.0 ","トチノキ",66.5,"0.8mHで2分岐","02_P556",20061003,0,0,0
10,10,"R229","P556","2.0 ","8.0 ","トチノキ",49.8,"0.8mHでR228と2分岐","06_R229",20061003,0,0,0
10,10,"R230","P557","2.0 ","4.0 ","アカイタヤ",66.4,NA,"02_P557",20061003,0,0,0
20,10,NA,NA,NA,NA,NA,NA,"B:-4, B:-5 測定対象なし",NA,20061003,2,0,0
30,10,NA,NA,NA,NA,NA,NA,"B:-4, B:-5 測定対象なし",NA,20061003,2,0,0
40,10,"R216","P553","7.0 ","3.0 ","アワブキ",25.9,NA,"02_P553",20061003,0,0,0
40,10,"R212","R212","7.0 ","2.0 ","トチノキ",176.7,"新規　真横に数m寝たのみ　直上","06_R212",20061003,0,0,0
50,10,"R207","P130","2.0 ","4.0 ","スギ",361.2,"南側","02_P130",20061003,0,0,0
50,10,"R208","P137","0.0 ","0.0 ","スギ",354.1,NA,"02_P137",20061003,0,0,0
50,10,"R204","P55","5.0 ","1.0 ","トチノキ",107.7,"南側　測定位置ペンキなし","02_P550",20061003,0,0,0
50,10,"R205","P551","3.0 ","3.0 ","ヤマモミジ",50.3,"南側","02_P551",20061003,0,0,0
50,10,"R206","P552","2.0 ","2.0 ","トチノキ",19.8,"南側","02_P552",20061003,0,0,0
60,10,"R179","P127","3.0 ","2.0 ","スギ",298.1,"南側","02_P127",20061003,0,0,0
60,10,"R180","P127","3.0 ","3.0 ","スギ",210.9,"新規　Ｒ179と同株","06_R180",20061003,0,0,0
60,10,"R202","R202","1.0 ","5.0 ","ノリウツギ",18.9,"新規　Ｒ202、203同株","06_R202",20061003,0,0,0
60,10,"R203","R202","1.0 ","5.0 ","ノリウツギ",24.5,"新規　Ｒ202、203同株","06_R203",20061003,0,0,0
70,10,"R108","Y13","4","1.5","スギ",293.8,"ツル抜き　＝アベP121","00_Y13",20061003,0,0,0
70,10,"P122","Y14","4","5","スギ",312.5,NA,"00_Y14",20061003,0,0,0
70,10,"P123","Y15","2","9","スギ",313.6,"ペンキのラインが曲がっている","00_Y15",20061003,0,0,0
80,10,"P126","Y10","9.5","4","スギ",246.2,NA,"00_Y10",20061003,0,0,0
80,10,"P125","Y11","8","1.5","スギ",364.4,NA,"00_Y11",20061003,0,0,0
80,10,"P124","Y12","5","6.5","スギ",193.4,NA,"00_Y12",20061003,0,0,0
80,10,"P547","Y16","2","8","トチノキ",102.1,NA,"00_Y16",20061003,0,0,0
90,10,NA,"41 ","7.7","0.2","スギ",NA,NA,"80_41",20061003,1,-1,0
90,10,"P541","Y03","2","1","アカイタヤ",75.4,"Ｙラベル割れ　","00_Y03",20061003,0,0,0
90,10,"P119","Y05","8","6","スギ",316.3,NA,"00_Y05",20061003,0,0,0
90,10,"P118","Y09","1","3","スギ",283.2,"ツル抜き","00_Y09",20061003,0,0,0
90,10,"P867","Y119","10","10","サワグルミ",NA,"13.4","04_Y119",20061003,2,0,0
90,10,"P864","Y120","10","3","クサギ",NA,"13.3","04_Y120",20061003,2,0,0
90,10,"P865","Y121","10","2.5","トチノキ",17.3,NA,"04_Y121",20061003,0,0,0
90,10,"P869","Y122","8","4","クサギ",16.3,NA,"04_Y122",20061003,0,0,0
90,10,"P543","Y123","7","7","ウワミズザクラ",17.5,NA,"02_P543",20061003,0,0,0
90,10,"P544","Y124","7","8","ウワミズザクラ",15.6,NA,"02_P544",20061003,0,-1,0
90,10,"P868","Y125","8","8","ウワミズザクラ",19.7,NA,"04_Y125",20061003,0,0,0
90,10,"P870","Y126","4","8","ノリウツギ",15.5,NA,"04_Y126",20061003,0,-1,0
90,10,"P871","Y127","4","9","ウワミズザクラ",17.5,NA,"04_Y127",20061003,0,0,0
90,10,"P542","Y128","0.5","4","ウワミズザクラ",16.4,"オオバクロモジをウワミズザクラに訂正","02_P542",20061003,0,0,0
100,10,NA,"37 ","0.5","8.5","ノリウツギ",NA,NA,"80_37",20061003,1,-1,0
100,10,NA,"38 ","2","4.9","ノリウツギ",NA,NA,"80_38",20061003,1,-1,0
100,10,NA,"39 ","2.3","4.3","スギ",NA,NA,"80_39",20061003,1,-1,0
100,10,"P862","P862","2","1","ウワミズザクラ",15.6,"新規","06_P862",20061003,0,-1,0
100,10,"P863","Y117","1","8","ノリウツギ",16.8,"120㎝で分かれる","04_Y117",20061003,0,0,0
100,10,"P866","Y25","1","9","ノリウツギ",17.6,NA,"00_Y25",20061003,0,0,0
110,10,"P112","P112","8.0 ","7.0 ","スギ",364.3,"ツル1本込み　座標は10×10Ｍ区内の座標","02_P112",20061003,0,0,0
110,10,"P113","P113","9.0 ","4.0 ","スギ",280.9,NA,"02_P113",20061003,0,0,0
110,10,"P521","P521","9.0 ","7.0 ","ホオノキ",NA,"折れ　0.8mくらい","02_P521",20061003,1,-1,0
110,10,"P523","P523","9.0 ","5.0 ","トチノキ",41,NA,"02_P523",20061003,0,0,0
120,10,"P506","P506","2.0 ","8.0 ","ホオノキ",39.2,NA,"02_P506",20061003,0,0,0
120,10,"P522","P522","2.5 ","9.0 ","コミネカエデ",41.4,NA,"02_P522",20061003,0,0,0
130,10,"P101","P101","3.0 ","1.0 ","スギ",262.6,NA,"02_P101",20061003,0,0,0
130,10,"P877","P102","1.0 ","3.0 ","スギ",239,"Pラベルなし","02_P102",20061003,0,0,0
130,10,"P103","P103","2.0 ","7.0 ","スギ",233.1,"コブの下方　前回のペンキなし　ツル抜き","02_P103",20061003,0,0,0
130,10,"P105","P105","9.5 ","9.0 ","スギ",186.5,"ツルはずし、ペンキなし","02_P105",20061003,0,0,0
130,10,"P880","P107","8.0 ","1.0 ","スギ",270.9,"前回（2002）間違いか？","02_P107",20061003,0,0,0
130,10,"P876","P876","0.5 ","9.5 ","ノリウツギ",19.7,"新規","06_P876",20061003,0,0,0
140,10,"P507","P507","1.0 ","8.0 ","コシアブラ",28.7,NA,"02_P507",20061003,0,0,0
140,10,"P508","P508","3.0 ","7.0 ","ホオノキ",20.6,NA,"02_P508",20061003,0,0,0
140,10,"P509","P509","5.0 ","8.0 ","トチノキ",15.2,NA,"02_P509",20061003,0,-1,0
140,10,"P510","P51","8.0 ","9.5 ","トチノキ",43.9,"ツル込み","02_P510",20061003,0,0,0
140,10,"P511","P511","8.0 ","9.5 ","トチノキ",39.2,NA,"02_P511",20061003,0,0,0
140,10,"P514","P514","0.0 ","2.0 ","マルバアオダモ",22.7,NA,"02_P514",20061003,0,0,0
140,10,"P885","P519","8.0 ","2.0 ","マルバアオダモ",19.5,"新規　P885、886同株　H0.5mで2分岐　ラベルP519落ち","02_P519",20061003,0,0,0
140,10,"P886","P519","8.0 ","2.0 ","マルバアオダモ",18,"新規　P885、886同株　H0.5mDE2分岐","06_P886",20061003,0,0,0
140,10,"P884","P884","9.5 ","0.5 ","スギ",221.4,"新規　（前回は範囲外とした？）","06_P884",20061003,0,0,0
140,10,"P887","P887","8.0 ","4.0 ","ヤマグワ",18.7,"新規　幹わけの上の方","06_P887",20061003,0,0,0
150,10,"P915","P915","4","3","トチノキ",29.5,NA,"06_P915",20061003,0,0,0
150,10,"P916","P916","4","2.5","トチノキ",55.3,NA,"06_P916",20061003,0,0,0
150,10,"P917","P917","1","10","オオバクロモジ",16.1,NA,"06_P917",20061003,0,0,0
150,10,"P918","P918","4","7","トチノキ",21.5,NA,"06_P918",20061003,0,0,0
150,10,"P919","P919","5","3","スギ",145.5,"旧札半分しかない","06_P919",20061003,0,0,0
150,10,"P920","P920","8.5","9.5","トチノキ",17,NA,"06_P920",20061003,0,0,0
160,10,"R101","R101","2","0.5","マルバアオダモ",41.6,"R101、102同株","06_R101",20061003,0,0,0
160,10,"R102","R101","2","0.5","マルバアオダモ",40.9,"R101、102同株","06_R102",20061003,0,0,0
160,10,"R103","R103","4","3","オオバクロモジ",15.7,NA,"06_R103",20061003,0,0,0
160,10,"R104","R104","4","7","マルバアオダモ",65.9,NA,"06_R104",20061003,0,0,0
160,10,"R105","R105","6","8","スギ",238.4,NA,"06_R105",20061003,0,0,0
160,10,"R106","R106","7","9","スギ",245.9,NA,"06_R106",20061003,0,0,0
160,10,"R107","R107","10","9.5","アカイタヤ",57.2,NA,"06_R107",20061003,0,0,0
160,10,"R112","R112","1","0","マルバアオダモ",42.5,NA,"06_R112",20061003,0,0,0
170,10,"R135","R135","1","0","ミズキ",22.2,"R135、136同株","06_R135",20061003,0,0,0
170,10,"R136","R135","1","0","ミズキ",19.9,"R135、136同株","06_R136",20061003,0,0,0
170,10,"R140","R140","9.5","0.5","ハクウンボク",16.9,NA,"06_R140",20061003,0,0,0
170,10,"R141","R141","5","8","ツリバナ",26.3,NA,"06_R141",20061003,0,0,0
170,10,"R142","R142","6","9","アカイタヤ",18.9,NA,"06_R142",20061003,0,0,0
170,10,"R143","R143","7","9","マルバアオダモ",16.2,NA,"06_R143",20061003,0,0,0
170,10,"R144","R144","8","7",NA,21.8,"Ｒ144-146同株　クリ?  シウリ？","06_R144",20061003,0,0,0
170,10,"R145","R144","8","7",NA,15.1,"Ｒ144-146同株　クリ?  シウリ？","06_R145",20061003,0,-1,0
170,10,"R146","R144","8","7",NA,18.8,"Ｒ144-146同株　クリ?  シウリ？","06_R146",20061003,0,0,0
180,10,"R147","R147","10","7","ウワミズザクラ",28,"Ｒ147，148同株","06_R147",20061003,0,0,0
180,10,"R148","R147","10","7","ウワミズザクラ",23.6,"Ｒ147，148同株","06_R148",20061003,0,0,0
180,10,"R149","R149","1","2","ハクウンボク",18.9,NA,"06_R149",20061003,0,0,0
180,10,"R181","R181","3","9","ヌルデ",18.2,NA,"06_R181",20061003,0,0,0
180,10,"R182","R182","4","10","ヌルデ",36.1,NA,"06_R182",20061003,0,0,0
180,10,"R183","R183","6","9",NA,17.3,"シウリザクラ？","06_R183",20061003,0,0,0
180,10,"R184","R184","6","10","オオバクロモジ",20.6,"二股の下で測る","06_R184",20061003,0,0,0
180,10,"R185","R185","8","9",NA,17.4,"シウリザクラ？","06_R185",20061003,0,0,0
180,10,"R186","R186","9","9","クサギ",20.9,NA,"06_R186",20061003,0,0,0
180,10,"R187","R187","8","7",NA,23,"シウリザクラ？","06_R187",20061003,0,0,0
180,10,"R188","R188","8","5.5",NA,22.9,"シウリザクラ？","06_R188",20061003,0,0,0
180,10,"R189","R189","7","5.5",NA,NA,"根返り　枯れ23.8クサギ?","06_R189",20061003,1,-1,0
180,10,"R190","R190","4","8.5",NA,17.6,"シウリザクラ？","06_R190",20061003,0,0,0
180,10,"R191","R191","6","3",NA,19.4,"191、192同株　根本幹割れシウリザクラ？","06_R191",20061003,0,0,0
180,10,"R192","R191","6.5","3",NA,16.6,"191、192同株シウリザクラ？","06_R192",20061003,0,0,0
180,10,"R193","R193","7","0","クサギ",NA,"枯れ32.4","06_R193",20061003,1,-1,0
190,10,"R194","R194","2","0",NA,17.1,"シウリザクラ？","06_R194",20061003,0,0,0
190,10,"R195","R195","3","0",NA,24.5,"シウリザクラ？","06_R195",20061003,0,0,0
190,10,"R196","R196","6","0",NA,21.2,"シウリザクラ？","06_R196",20061003,0,0,0
190,10,"R197","R197","10.5","1","スギ",341.2,"枠外","06_R197",20061003,0,0,0
190,10,"R198","R198","9.5","2","コシアブラ",16.1,NA,"06_R198",20061003,0,0,0
190,10,"R199","R199","4","4",NA,31.5,"シウリザクラ？","06_R199",20061003,0,0,0
190,10,"R200","R200","8.5","9","スギ",241,NA,"06_R200",20061003,0,0,0
190,10,"R201","R201","7","9.5","サワグルミ",86.6,NA,"06_R201",20061003,0,0,0
0,20,"B183","B183","4","8","スギ",339.6,NA,"06_B183",20061003,0,0,0
0,20,"B184","B184","3","5","スギ",232.8,"切り株更新だったか？","06_B184",20061003,0,0,0
0,20,"B185","B185","4.5","1","スギ",348.3,"切り株更新だったか？Ｐ147","06_B185",20061003,0,0,0
10,20,"B178","B178","6","4",NA,20.7,"178、179同株ノリウツギ？","06_B178",20061003,0,0,0
10,20,"B179","B178","6","4",NA,26.7,"178、179同株ノリウツギ？","06_B179",20061003,0,0,0
10,20,"B180","B180","4","5","ノリウツギ",20.9,NA,"06_B180",20061003,0,0,0
10,20,"B181","B181","3","7","コシアブラ",38.5,NA,"06_B181",20061003,0,0,0
10,20,"B182","B182","1","6","スギ",326.8,NA,"06_B182",20061003,0,0,0
20,20,"B174","B174","6","4","カツラ",140.4,NA,"06_B174",20061003,0,0,0
20,20,"B175","B175","5","5.5","スギ",171.9,NA,"06_B175",20061003,0,0,0
20,20,"B176","B176","2.5","7","ノリウツギ",17.7,NA,"06_B176",20061003,0,0,0
20,20,"B177","B177","1","2","ノリウツギ",20.7,"スギ切り株上","06_B177",20061003,0,0,0
30,20,"B173","B173","6","8","アカイタヤ",34.3,NA,"06_B173",20061003,0,0,0
40,20,"B165","B165","7.5","7.5","トチノキ",17.1,NA,"06_B165",20061003,0,0,0
40,20,"B166","B166","6","7","トチノキ",21.2,NA,"06_B166",20061003,0,0,0
40,20,"B167","B167","5","8","トチノキ",23.4,NA,"06_B167",20061003,0,0,0
40,20,"B168","B168","4","7.5","アカイタヤ",23.4,NA,"06_B168",20061003,0,0,0
40,20,"B169","B169","7","3","トチノキ",22.5,NA,"06_B169",20061003,0,0,0
40,20,"B170","B170","5.5","3",NA,33.2,"イイギリ？","06_B170",20061003,0,0,0
40,20,"B171","B171","6","1","スギ",325.6,"GBHおかしい。確認せよ。2002年測定ミスか？","02_P140",20061003,0,0,0
40,20,"B172","B172","1","5","サワグルミ",15.9,NA,"06_B172",20061003,0,0,0
50,20,"B162","B162","3","1","スギ",272,NA,"06_B162",20061003,0,0,0
50,20,"B163","B163","1","4","スギ",271.4,NA,"06_B163",20061003,0,0,0
50,20,"B164","B164","0","8","スギ",162,NA,"06_B164",20061003,0,0,0
50,20,"B161","P131","6","1","スギ",180.7,"南側","02_P131",20061003,0,0,0
60,20,"B155","B155","2.5","3","スギ",312.1,NA,"06_B155",20061003,0,0,0
60,20,"B156","B156","0.5","0.5","トチノキ",16.5,NA,"06_B156",20061003,0,0,0
60,20,"B158","B158","9","9.5","トチノキ",72,NA,"06_B158",20061003,0,0,0
60,20,"B159","B159","8","9.5","スギ",304,NA,"06_B159",20061003,0,0,0
60,20,"B160","B160","0.5","10","スギ",272.3,NA,"06_B160",20061003,0,0,0
60,20,"B157","P132","9","0.5","スギ",239.8,"南側","02_P132",20061003,0,0,0
70,20,NA,"21 ","10","6.5","ミズキ",NA,NA,"80_21",20061003,1,-1,0
70,20,"B2","Y149","9.5","7","コミネカエデ",NA,"14","04_Y149",20061003,2,0,0
70,20,"B1","Y17","5","9","スギ",348,"Ｗ2959割れ","00_Y17",20061003,0,0,0
80,20,NA,"58 ","0.6","1.9","スギ",NA,NA,"80_58",20061003,1,-1,0
80,20,NA,"60 ","8.8","5","トチノキ",NA,NA,"80_60",20061003,1,-1,0
80,20,"B20","Y129","7","2","ウワミズザクラ",17.5,NA,"04_Y129",20061003,0,0,0
80,20,"B21","Y130","0.5","8","ミズキ",19.8,NA,"04_Y130",20061003,0,0,0
80,20,"B22","Y131","0.5","9","コミネカエデ",16.9,NA,"04_Y131",20061003,0,0,0
80,20,"B26","Y132","7","3","トチノキ",16.8,NA,"04_Y132",20061003,0,0,0
80,20,"B23","Y18","1","9.5","スギ",329.9,"ペンキ後でつけて","00_Y18",20061003,0,0,0
80,20,"B24","Y19","6","10","ノリウツギ",18.3,NA,"00_Y19",20061003,0,0,0
80,20,"B25","Y20","7","8","ノリウツギ",NA,"13.2","00_Y20",20061003,2,0,0
90,20,"B27","Y118","9.5","9","サワグルミ",NA,"13.5Ｎ20-2の杭Ｃ2から315°方向に3.3m","04_Y118",20061003,2,0,0
90,20,"B37","Y135","1","9","ノリウツギ",NA,"12.9","04_Y135",20061003,2,0,0
90,20,"B33","Y136","5","6","サワグルミ",16.7,NA,"04_Y136",20061003,0,0,0
90,20,"B34","Y139","10","2","サワグルミ",NA,"14.8","04_Y139",20061003,2,0,0
90,20,"B30","Y21","7.5","3","スギ",318.6,NA,"00_Y21",20061003,0,0,0
90,20,"B32","Y22","8","8","ノリウツギ",17.7,NA,"00_Y22",20061003,0,0,0
90,20,"B31","Y23","7.5","6","サワグルミ",18.4,NA,"00_Y23",20061003,0,0,0
90,20,"B28","Y24","7.5","0.5","ウワミズザクラ",23.5,NA,"00_Y24",20061003,0,0,0
90,20,"B35","Y35.1","8","10","ウワミズザクラ",23.6,"ラベルおちＹ137","00_Y35",20061003,0,0,0
90,20,"B29","Y37","7","3","サワグルミ",15.8,NA,"00_Y37",20061003,0,0,0
100,20,NA,"34 ","4.1","8.3","スギ",NA,NA,"80_34",20061003,1,-1,0
100,20,NA,"35 ","0.4","8.6","トチノキ",NA,"プロットD:3改め","80_35",20061003,1,-1,0
100,20,"B49","Y140","1","5","ホオノキ",18.7,NA,"04_Y140",20061003,0,0,0
100,20,"B48","Y141","0.5","6","サワグルミ",16.6,NA,"04_Y141",20061003,0,0,0
100,20,"B51","Y26","3","2","トチノキ",27.3,"Ｂ50とＢ51同株","00_Y26",20061003,0,0,0
100,20,"B50","Y26","3","2","トチノキ",16.5,"Ｂ50とＢ51同株","04_Y142",20061003,0,0,0
110,20,"B65","B65","8","5","アワブキ",18.3,"B56 Y297と同じ","06_B65",20061003,0,0,0
110,20,"B66","B66","5","5","スギ",402.7,"旧タグ（白）見つからず","06_B66",20061003,0,0,0
110,20,"B67","B67","3","7","トチノキ",28.8,NA,"06_B67",20061003,0,0,0
110,20,"B68","B68","4","3","ホオノキ",15.7,NA,"06_B68",20061003,0,0,0
110,20,"B69","B69","3","2","ハクウンボク",15.6,NA,"06_B69",20061003,0,-1,0
110,20,"B70","B70","0.5","5","ウワミズザクラ",NA,"13.9","06_B70",20061003,2,0,0
120,20,"B71","B71","4","3.5","ハウチワカエデ",26.6,"野帳ではハウチワザクラ","06_B71",20061003,0,0,0
120,20,"B72","B72","6","2.5","タラノキ",16.2,NA,"06_B72",20061003,0,0,0
120,20,"B73","B73","6","5","ホオノキ",28.1,NA,"06_B73",20061003,0,0,0
130,20,"B201","B201","1","0.5","スギ",154.6,NA,"06_B201",20061003,0,0,0
130,20,"B203","B203","0","7","トチノキ",19.9,NA,"06_B203",20061003,0,0,0
130,20,"B204","B204","0","8","ホオノキ",33,NA,"06_B204",20061003,0,0,0
130,20,"B205","B205","1","10","トチノキ",17.4,NA,"06_B205",20061003,0,0,0
130,20,"B206","B206","3","10","ヤマグワ",16.9,NA,"06_B206",20061003,0,0,0
130,20,"B207","B207","6","6","トチノキ",99.5,NA,"06_B207",20061003,0,0,0
130,20,"B202","P104","5","0.5","スギ",272.7,"精英樹113号（能代）　Ｐ878改め（列変更）","02_P104",20061003,0,0,0
140,20,"B209","B209","0","2.9","アワブキ",18.5,"209,210,211同株","06_B209",20061003,0,0,0
140,20,"B210","B209","0","3","アワブキ",30.7,"209,210,211同株","06_B210",20061003,0,0,0
140,20,"B211","B209","0","3.1","アワブキ",18.5,"209,210,211同株","06_B211",20061003,0,0,0
140,20,"B212","B212","5.5","1.5","スギ",183.2,"南側斜面","06_B212",20061003,0,0,0
140,20,"B213","B213","6","4","ノリウツギ",21.7,"南側斜面","06_B213",20061003,0,0,0
140,20,"B214","B214","6","3","ノリウツギ",18.5,"南側斜面","06_B214",20061003,0,0,0
140,20,"B215","B215","4","5.5","コミネカエデ",58.4,"南側斜面　215,216同株","06_B215",20061003,0,0,0
140,20,"B216","B215","3.8","5.5","コミネカエデ",29.8,"南側斜面　215,216同株","06_B216",20061003,0,0,0
140,20,"B217","B217","3","6","スギ",182,"南側斜面","06_B217",20061003,0,0,0
140,20,"B218","B218","1","9","ハウチワカエデ",19.2,"南側斜面","06_B218",20061003,0,0,0
140,20,"B219","B219","7","7.5",NA,NA,"枯れ（古い）　尾根上16.9クサギ?","06_B219",20061003,1,-1,0
140,20,"B220","B220","8","6","ハクウンボク",21.8,"尾根上","06_B220",20061003,0,0,0
140,20,"B221","B221","10","7.5","ハクウンボク",41.4,"尾根上","06_B221",20061003,0,0,0
140,20,"B208","P106","2","0.5","スギ",227,"P902改め（列変更）","02_P106",20061003,0,0,0
150,20,"B222","B222","4","1","オオバクロモジ",18.3,"尾根上","06_B222",20061003,0,0,0
150,20,"B223","B223","6","1","ホオノキ",38.9,"北側斜面","06_B223",20061003,0,0,0
150,20,"B224","B224","8","3","ウワミズザクラ",16.3,"北側斜面","06_B224",20061003,0,0,0
160,20,"B225","B225","2","9","ハクウンボク",28.9,NA,"06_B225",20061003,0,0,0
160,20,"B226","B226","2","8","シウリザクラ",16.6,NA,"06_B226",20061003,0,0,0
160,20,"B227","B227","1.5","7.5","シウリザクラ",25.9,NA,"06_B227",20061003,0,0,0
160,20,"B228","B228","5","1","シウリザクラ",16.8,NA,"06_B228",20061003,0,0,0
160,20,"B229-1","B229","3","2","コミネカエデ",19.6,"ペンキで赤点つけた　二股・同株","06_B229",20061003,0,0,0
160,20,"B229-2","B229","3","2","コミネカエデ",18.8,"ペンキで赤点つけた　二股・同株","06_B229",20061003,0,0,0
160,20,"B230","B230","5","1","スギ",216,"よくしごいて測れ　ペンキ左右の間","06_B230",20061003,0,0,0
160,20,"B231","B231","8","2","コシアブラ",45.7,NA,"06_B231",20061003,0,0,0
160,20,"B232","B232","8","3","スギ",273.9,"旧札不明","06_B232",20061003,0,0,0
160,20,"B233","B233","7","5","アワブキ",25.8,"233,234同株","06_B233",20061003,0,0,0
160,20,"B234","B233","7","5.1","アワブキ",29,"233,234同株","06_B234",20061003,0,0,0
170,20,"B235","B235","4","2","アオダモ",55.5,"幹割れ修復","06_B235",20061003,0,0,0
170,20,"B236","B236","7","3",NA,NA,"古い枯れ22.3","06_B236",20061003,1,-1,0
170,20,"B237","B237","2.5","6","クサギ",15.7,"枝枯れ","06_B237",20061003,0,0,0
170,20,"B238","B238","2.5","7","ホオノキ",26.8,NA,"06_B238",20061003,0,0,0
170,20,"B239","B239","3","7.3","シウリザクラ",19.1,"239，240同株","06_B239",20061003,0,0,0
170,20,"B240","B239","3","7.5","シウリザクラ",23.7,"239，240同株","06_B240",20061003,0,0,0
170,20,"B241","B241","4","8","シウリザクラ",25.6,"241，242同株","06_B241",20061003,0,0,0
170,20,"B242","B241","4.1","8","シウリザクラ",24.7,"241，242同株","06_B242",20061003,0,0,0
170,20,"B243","B243","7.5","8","トチノキ",35.1,NA,"06_B243",20061003,0,0,0
170,20,"B244","B244","7","6","サワグルミ",36.4,NA,"06_B244",20061003,0,0,0
170,20,"B245","B245","9","7.5","シウリザクラ",22.6,NA,"06_B245",20061003,0,0,0
170,20,"B246","B246","9.5","9.5","シウリザクラ",21.9,NA,"06_B246",20061003,0,0,0
170,20,"B247","B247","9","1","シウリザクラ",15.5,NA,"06_B247",20061003,0,-1,0
170,20,"B248","B248","8","0","ホオノキ",25.4,NA,"06_B248",20061003,0,0,0
180,20,"B249","B249","0","3","シウリザクラ",21.9,NA,"06_B249",20061003,0,0,0
180,20,"B250","B250","1","3","ハクウンボク",32.9,"250,251同株","06_B250",20061003,0,0,0
180,20,"B251","B250","1","3.1","ハクウンボク",28.1,"250,251同株","06_B251",20061003,0,0,0
180,20,"B252","B252","3","2","シウリザクラ",27.8,"252,253同株","06_B252",20061003,0,0,0
180,20,"B253","B252","3.1","2","シウリザクラ",21.2,"252,253同株","06_B253",20061003,0,0,0
180,20,"B254","B254","4","2","シウリザクラ",23.6,"254,255同株","06_B254",20061003,0,0,0
180,20,"B255","B254","4","2.1","シウリザクラ",15.4,"254,255同株","06_B255",20061003,0,-1,0
180,20,"B256","B256","4.5","0","シウリザクラ",17.5,NA,"06_B256",20061003,0,0,0
180,20,"B257","B257","4.5","3","シウリザクラ",17.2,"257,258同株","06_B257",20061003,0,0,0
180,20,"B258","B257","4.4","3.1","シウリザクラ",25.4,"257,258同株","06_B258",20061003,0,0,0
180,20,"B259","B259","8","4.5","サワグルミ",31.1,"谷底","06_B259",20061003,0,0,0
180,20,"B260","B260","9","5","サワグルミ",20.5,"谷底","06_B260",20061003,0,0,0
180,20,"B261","B261","8","6","サワグルミ",62.7,"谷底","06_B261",20061003,0,0,0
180,20,"B262","B262","7","9","シウリザクラ",17,"谷底","06_B262",20061003,0,0,0
180,20,"B263","B263","4","8",NA,NA,"263,264同株　枯れ　谷底 25.5クサギ?","06_B263",20061003,1,-1,0
180,20,"B264","B263","4","8",NA,NA,"263,264同株　枯れ　谷底15.6クサギ?","06_B264",20061003,1,-1,0
180,20,"B265","B265","9","10",NA,NA,"枯れ　値はつる込み　谷底34.4クサギ?","06_B265",20061003,1,-1,0
180,20,"B266","B266","9","2","サワグルミ",25.8,"谷底","06_B266",20061003,0,0,0
180,20,"B267","B267","9","1","サワグルミ",50.9,"谷底","06_B267",20061003,0,0,0
190,20,"B268","B268","6","1","スギ",274,NA,"06_B268",20061003,0,0,0
190,20,"B269","B269","8","7","クサギ",17.5,NA,"06_B269",20061003,0,0,0
190,20,"B270","B270","9","8","サワグルミ",19.5,"270，271同株","06_B270",20061003,0,0,0
190,20,"B271","B270","9","8.1","サワグルミ",19,"270，271同株","06_B271",20061003,0,0,0
190,20,"B272","B272","9","9","サワグルミ",18.7,NA,"06_B272",20061003,0,0,0
190,20,"B273","B273","9","9.2","サワグルミ",19.4,"272とは別の株と思われる","06_B273",20061003,0,0,0
190,20,"B274","B274","8","0.5","サワグルミ",34.5,NA,"06_B274",20061003,0,0,0
0,30,"B298","B298","9","8.5",NA,63.3,"naミズナラ？","06_B298",20061003,0,0,0
0,30,"B299","B299","6","7","スギ",204.7,NA,"06_B299",20061003,0,0,0
0,30,"B300","B300","0.5","4",NA,28,"ハクウンボク？","06_B300",20061003,0,0,0
10,30,"B292","B292","5","3","スギ",232.2,NA,"06_B292",20061003,0,0,0
10,30,"B293","B293","5","7","スギ",90.7,NA,"06_B293",20061003,0,0,0
10,30,"B294","B294","6","7","スギ",315.7,NA,"06_B294",20061003,0,0,0
10,30,"B295","B295","0","4","キブシ",18.4,NA,"06_B295",20061003,0,0,0
10,30,"B296","B296","0","3","スギ",225.5,NA,"06_B296",20061003,0,0,0
20,30,"B288","B288","8.5","4","トチノキ",124.1,"D:-4とE:-4 測定対象なし","06_B288",20061003,0,0,0
20,30,"B289","B289","5","0","トチノキ",20,NA,"06_B289",20061003,0,0,0
20,30,"B290","B290","1","2","ノリウツギ",22,NA,"06_B290",20061003,0,0,0
20,30,"B291","B291","1","1.5",NA,22.5,"ヤマモミジ？","06_B291",20061003,0,0,0
30,30,NA,NA,NA,NA,NA,NA,"D:-4とE:-4 測定対象なし",NA,20061003,2,0,0
40,30,"B198","B198","9.5","9",NA,17.3,"添伸","06_B198",20061003,0,0,0
40,30,"B199","B199","7","9",NA,15.8,"添伸","06_B199",20061003,0,0,0
40,30,"B200","B200","5","6","スギ",174.7,NA,"06_B200",20061003,0,0,0
40,30,"B285","B285","5","5.5","トチノキ",18.3,NA,"06_B285",20061003,0,0,0
40,30,"B286","B286","4","3","スギ",284.4,"W無し","06_B286",20061003,0,0,0
40,30,"B287","B287","5","0.5","キブシ",15.1,NA,"06_B287",20061003,0,-1,0
50,30,"B191","B191","8.5","2",NA,22.8,"191,192同株エゴノキ？","06_B191",20061003,0,0,0
50,30,"B192","B191","8","2",NA,19,"191,192同株エゴノキ？","06_B192",20061003,0,0,0
50,30,"B193","B193","7","4","スギ",291.6,NA,"06_B193",20061003,0,0,0
50,30,"B194","B194","3","8","スギ",309.5,NA,"06_B194",20061003,0,0,0
50,30,"B195","B195","3","9","スギ",328.3,NA,"06_B195",20061003,0,0,0
50,30,"B196","B196","3","4","トチノキ",28.2,NA,"06_B196",20061003,0,0,0
50,30,"B197","B197","2","7","トチノキ",20.9,NA,"06_B197",20061003,0,0,0
60,30,"B186","B186","3","3","スギ",202.4,NA,"06_B186",20061003,0,0,0
60,30,"B187","B187","3","4",NA,31.3,"ハクウンボク？","06_B187",20061003,0,0,0
60,30,"B188","B188","2.5","4",NA,22.1,"ハクウンボク？","06_B188",20061003,0,0,0
60,30,"B189","B189","8","7","スギ",268.1,NA,"06_B189",20061003,0,0,0
60,30,"B190","B190","7","8",NA,16.1,"対生、ノリウツギ？","06_B190",20061003,0,0,0
70,30,"B8","Y150","2","9.5","ミズキ",15.6,NA,"04_Y150",20061003,0,-1,0
70,30,"B7","Y45","7","8","スギ",221.2,"ペンキ後でつけて","00_Y45",20061003,0,0,0
70,30,"B6","Y46","9","10","ノリウツギ",21.7,NA,"00_Y46",20061003,0,0,0
70,30,"B5","Y47","4","5.5","スギ",225.8,NA,"00_Y47",20061003,0,0,0
70,30,"B3","Y48","2","6","スギ",260.8,NA,"00_Y48",20061003,0,0,0
70,30,"B4","Y49","2.5","6.5","ツルアジサイ",18.2,NA,"00_Y49",20061003,0,0,0
80,30,NA,"23 ","0.2","2.9","ハクウンボク",NA,NA,"80_23",20061003,1,-1,0
80,30,"B16","Y148","1","5","ハクウンボク",38.8,NA,"04_Y148",20061003,0,0,0
80,30,"B13","Y34","6.5","4.5","ノリウツギ",16.3,NA,"00_Y34",20061003,0,0,0
80,30,"B14","Y35","6.5","3.5","スギ",204.7,NA,"00_Y35",20061003,0,0,0
80,30,"B15","Y38","4","0","スギ",309.8,NA,"00_Y38",20061003,0,0,0
80,30,"B11","Y39","2","4","スギ",241.8,NA,"00_Y39",20061003,0,0,0
80,30,"B12","Y39","2.5","4.5","スギ",218.2,NA,"00_Y40",20061003,0,0,0
80,30,"B18","Y41","6.5","10","エゴノキ",23.8,"倒伏","00_Y41",20061003,0,0,0
80,30,"B17","Y42","6","10","エゴノキ",31.3,NA,"00_Y42",20061003,0,0,0
80,30,"B10","Y43","2","9","ノリウツギ",18.8,"Ｂ10とＢ9同株","04_Y147",20061003,0,0,0
80,30,"B9","Y43","2","9","ノリウツギ",19.1,"Ｂ10とＢ9同株","00_Y43",20061003,0,0,0
80,30,"B19","Y44","1","8","ノリウツギ",NA,"14.2","00_Y44",20061003,2,0,0
90,30,"Y145","Y145","6","6","オオバクロモジ",NA,"枯死 GBH11.9","04_Y145",20061003,1,-1,0
90,30,"B44","Y146","6","9.5","キブシ",NA,"14.6雨のため樹皮が湿り、ＧＢＨ大きくなったかも？↓","04_Y146",20061003,2,0,0
90,30,"B36","Y28","9","1","スギ",453,"Ｗ2893回収","00_Y28",20061003,0,0,0
90,30,"B43","Y29","9","3","スギ",288.3,"ツル込み","00_Y29",20061003,0,0,0
90,30,"B38","Y30","1","0","トチノキ",134.8,NA,"00_Y30",20061003,0,0,0
90,30,"B39","Y31","5","5","スギ",256.7,NA,"00_Y31",20061003,0,0,0
90,30,"B42","Y32","3","10","トチノキ",19.1,NA,"00_Y32",20061003,0,0,0
90,30,"B40","Y33","1","10","スギ",224.1,NA,"00_Y33",20061003,0,0,0
100,30,NA,"4 ","0.9","9.4","トチノキ",NA,NA,"80_4",20061003,1,-1,0
100,30,NA,"33 ","5.1","0.2","トチノキ",NA,NA,"80_33",20061003,1,-1,0
100,30,"B47","Y143","5","0.5","ハクウンボク",17.4,NA,"04_Y143",20061003,0,0,0
100,30,"B46","Y144","3","1","トチノキ",17.3,NA,"04_Y144",20061003,0,0,0
100,30,"B45","Y27","8","7.5","スギ",287.5,NA,"00_Y27",20061003,0,0,0
110,30,"B52","B52","6.5","9","トチノキ",111.6,NA,"06_B52",20061003,0,0,0
110,30,"B53","B53","4","10","スギ",283.4,NA,"06_B53",20061003,0,0,0
110,30,"B54","B54","1","9.5","スギ",259.6,"ツル入れずに測定（Ｂ54）","06_B54",20061003,0,0,0
110,30,"B55","B55","4","8.5","ウワミズザクラ",37.7,NA,"06_B55",20061003,0,0,0
110,30,"B56","B56","9.5","8.5","アワブキ",25.2,"Ｙ297と同じ（Ｂ56）","06_B56",20061003,0,0,0
110,30,"B57","B57","9.5","8","スギ",242,NA,"06_B57",20061003,0,0,0
110,30,"B58","B58","9.5","5","スギ",256.5,"Ｂ58　2又に分かれ、細い方が折れ","06_B58",20061003,0,0,0
110,30,"B59","B59","9","5","ホオノキ",28.8,NA,"06_B59",20061003,0,0,0
110,30,"B61","B61","8.5","4.5","ハクウンボク",35,NA,"06_B61",20061003,0,0,0
110,30,"B62","B62","6","4.5","トチノキ",23.1,NA,"06_B62",20061003,0,0,0
110,30,"B63","B63","5","4","ムラサキシキブ",21.6,NA,"06_B63",20061003,0,0,0
110,30,"B64","B64","10","1","スギ",168.7,NA,"06_B64",20061003,0,0,0
120,30,"B74","B74","3.5","7","トチノキ",26.4,NA,"06_B74",20061003,0,0,0
120,30,"B75","B75","5","6.5","ヤマグワ",15.5,NA,"06_B75",20061003,0,-1,0
120,30,"B76","B76","9.5","2","スギ",338,"B76 ツル込み","06_B76",20061003,0,0,0
120,30,"B77","B77","8.5","5","タラノキ",15.1,NA,"06_B77",20061003,0,-1,0
120,30,"B78","B78","7","1.5","スギ",264.5,"Ｂ78　ツル込み","06_B78",20061003,0,0,0
120,30,"B79","B79","4.5","1.5","スギ",269.8,NA,"06_B79",20061003,0,0,0
120,30,"B80","B80","2","0.5","アワブキ",22.2,"Ｂ80.81はＹ297と同じ種、同株","06_B80",20061003,0,0,0
120,30,"B81","B80","2","0.5","アワブキ",40.9,"Ｂ80.81はＹ297と同じ種、同株　Ｂ81ツル込み","06_B81",20061003,0,0,0
120,30,"B82","B82","8.5","9","ホオノキ",16.3,NA,"06_B82",20061003,0,0,0
130,30,"B83","B83","2","1","スギ",188.1,NA,"06_B83",20061003,0,0,0
130,30,"B84","B84","6","2.5","スギ",NA,"枯れ 幹折れ127.8","06_B84",20061003,1,-1,0
130,30,"B85","B85","7","3","トチノキ",25.9,NA,"06_B85",20061003,0,0,0
130,30,"B86","B86","8","3","エゴノキ",19.5,NA,"06_B86",20061003,0,0,0
130,30,"B87","B87","8","5","アカイタヤ",31.2,"87.88.89同株　1mで分岐","06_B87",20061003,0,0,0
130,30,"B88","B88","8","5","アカイタヤ",23.1,"87.88.89同株　1mで分岐","06_B88",20061003,0,0,0
130,30,"B89","B89","8","5","アカイタヤ",67.1,"87.88.89同株　主幹　ツルのためクネクネ","06_B89",20061003,0,0,0
130,30,"B90","B90","9","6",NA,NA,"枯れ17.1","06_B90",20061003,1,-1,0
130,30,"B91","B91","2","8","ハウチワカエデ",29.2,"91.92同株　","06_B91",20061003,0,0,0
130,30,"B92","B91","2","8","ハウチワカエデ",25.1,"91.92同株　1ｍあたりで分岐","06_B92",20061003,0,0,0
130,30,"B93","B93","5","3","ウワミズザクラ",23.1,"93，94同株","06_B93",20061003,0,0,0
130,30,"B94","B93","5","3","ウワミズザクラ",20.2,"93，94同株","06_B94",20061003,0,0,0
140,30,"B95","B95","1.5","8","スギ",224.4,"ラベル不明　95,96根元でつながっている","06_B95",20061003,0,0,0
140,30,"B96","B95?","1.5","8","スギ",278.8,"N側　ラベル不明　95,96根元でつながっている","06_B96",20061003,0,0,0
140,30,"B97","B97","3","5","ハクウンボク",15.3,"N側","06_B97",20061003,0,-1,0
140,30,"B98","B98","3","6","アワブキ",17.1,"N側","06_B98",20061003,0,0,0
140,30,"B99","B99","5","7","アワブキ",29.6,"N側","06_B99",20061003,0,0,0
150,30,"B100","B100","0.5","2","スギ",88.9,"N側 不明","06_B100",20061003,0,0,0
150,30,"B101","B101","4","4","トチノキ",23.3,"N側","06_B101",20061003,0,0,0
150,30,"B102","B102","1","2","アワブキ",15,NA,"06_B102",20061003,0,-1,0
150,30,"B103","B103","5","7","アワブキ",16.1,"103,104,105同株","06_B103",20061003,0,0,0
150,30,"B104","B104","5","7","アワブキ",16.3,"103,104,105同株","06_B104",20061003,0,0,0
150,30,"B105","B105","5","7","アワブキ",26.5,"103,104,105同株","06_B105",20061003,0,0,0
150,30,"B106","B106","7","5","タラノキ",20.3,NA,"06_B106",20061003,0,0,0
150,30,"B107","B107","9.5","0.5","ヌルデ",16.2,NA,"06_B107",20061003,0,0,0
150,30,"B108","B108","9.5","0.5","キブシ",20.4,NA,"06_B108",20061003,0,0,0
150,30,"B109","B109","8","5","アワブキ",24.9,NA,"06_B109",20061003,0,0,0
160,30,"B110","B110","2","7","ホオノキ",32.5,NA,"06_B110",20061003,0,0,0
160,30,"B111","B111","3","7",NA,15.6,"落葉シウリザクラ？","06_B111",20061003,0,-1,0
160,30,"B112","B112","4","5","ウワミズザクラ",29.2,NA,"06_B112",20061003,0,0,0
160,30,"B113","B113","4","3","ヌルデ",25.2,NA,"06_B113",20061003,0,0,0
160,30,"B114","B114","8","4","ウワミズザクラ",22.8,"114，115，116同株","06_B114",20061003,0,0,0
160,30,"B115","B114","8","4","ウワミズザクラ",20.5,"114，115，116同株","06_B115",20061003,0,0,0
160,30,"B116","B114","8","4","ウワミズザクラ",21.2,"114，115，116同株","06_B116",20061003,0,0,0
160,30,"B117","B117","10","0",NA,24,"シウリザクラ？","06_B117",20061003,0,0,0
160,30,"B118","B118","10","1","オオバクロモジ",15.9,NA,"06_B118",20061003,0,0,0
160,30,"B119","B119","3","9","ウワミズザクラ",24.8,NA,"06_B119",20061003,0,0,0
160,30,"B120","B120","6","9.5",NA,16.1,"落葉シウリザクラ？","06_B120",20061003,0,0,0
170,30,"B121","B121","1","3","タラノキ",34,"D-10は10㎝くらいのタラのよこ","06_B121",20061003,0,0,0
170,30,"B122","B122","2.5","5","シウリザクラ",23.4,"落葉　122.123同株","06_B122",20061003,0,0,0
170,30,"B123","B122","2.5","5","シウリザクラ",26.1,"落葉　122.123同株","06_B123",20061003,0,0,0
170,30,"B124","B124","6","0","シウリザクラ",20.2,"落葉　124,125,126同株","06_B124",20061003,0,0,0
170,30,"B125","B124","6","0","シウリザクラ",18.5,"落葉　124,125,126同株","06_B125",20061003,0,0,0
170,30,"B126","B124","6","0.5","シウリザクラ",21.4,"落葉　124,125,126同株","06_B126",20061003,0,0,0
170,30,"B127","B127","7","2","シウリザクラ",30.9,"落葉　","06_B127",20061003,0,0,0
170,30,"B128","B128","5","4","シウリザクラ",19.6,"落葉　","06_B128",20061003,0,0,0
170,30,"B129","B129","4","4.5","シウリザクラ",21.6,"落葉　","06_B129",20061003,0,0,0
170,30,"B130","B130","0.5","8",NA,NA,"枯れ木　GBH17.9","06_B130",20061003,1,-1,0
170,30,"B131","B131","1","8","サワグルミ",51.8,NA,"06_B131",20061003,0,0,0
170,30,"B132","B132","2","9","サワグルミ",39.7,NA,"06_B132",20061003,0,0,0
170,30,"B133","B133","7","8","サワグルミ",55.2,"133,134,135同株","06_B133",20061003,0,0,0
170,30,"B134","B133","7","8","サワグルミ",25.8,"133,134,135同株","06_B134",20061003,0,0,0
170,30,"B135","B133","7","8","サワグルミ",37.8,"133,134,135同株","06_B135",20061003,0,0,0
170,30,"B136","B136","8","3","シウリザクラ",17.1,"落葉","06_B136",20061003,0,0,0
170,30,"B137","B137","10","6.5","サワグルミ",30.9,NA,"06_B137",20061003,0,0,0
170,30,"B154","B154","3.5","0","ハクウンボク",18.7,"やり残しをＣ列の野帳より書き写す","06_B154",20061003,0,0,0
180,30,"B138","B138","0","5.5","サワグルミ",26.4,NA,"06_B138",20061003,0,0,0
180,30,"B139","B139","0","6","サワグルミ",27.8,NA,"06_B139",20061003,0,0,0
180,30,"B140","B140","0.5","5.5","サワグルミ",15.4,NA,"06_B140",20061003,0,-1,0
180,30,"B141","B141","1","7","サワグルミ",38.5,NA,"06_B141",20061003,0,0,0
180,30,"B142","B142","2","5","サワグルミ",28.5,NA,"06_B142",20061003,0,0,0
180,30,"B143","B143","3","3.5","サワグルミ",39.1,NA,"06_B143",20061003,0,0,0
180,30,"B144","B144","3","5","サワグルミ",28.2,NA,"06_B144",20061003,0,0,0
180,30,"B145","B145","3.5","5","サワグルミ",19.1,NA,"06_B145",20061003,0,0,0
180,30,"B146","B146","3","3","サワグルミ",37.5,NA,"06_B146",20061003,0,0,0
180,30,"B147","B147","4.5","3","サワグルミ",24.8,NA,"06_B147",20061003,0,0,0
180,30,"B148","B148","5","3","サワグルミ",18.9,NA,"06_B148",20061003,0,0,0
180,30,"B149","B149","4.5","3.5","サワグルミ",27,NA,"06_B149",20061003,0,0,0
180,30,"B150","B150","4","6","シウリザクラ",19.6,NA,"06_B150",20061003,0,0,0
180,30,"B151","B151","6","2","シウリザクラ",17.9,NA,"06_B151",20061003,0,0,0
180,30,"B152","B152","7","2",NA,NA,"枯れ？30.7","06_B152",20061003,1,-1,0
180,30,"B153","B153","6","9","サワグルミ",29,NA,"06_B153",20061003,0,0,0
190,30,"B275","B275","2.5","2.5","エゴノキ",19.6,NA,"06_B275",20061003,0,0,0
190,30,"B276","B276","6","1","ホオノキ",33.7,"276,277同株","06_B276",20061003,0,0,0
190,30,"B277","B276","6.1","1","ホオノキ",31.2,"276,277同株","06_B277",20061003,0,0,0
190,30,"B278","B278","9","4","スギ",264.5,"旧Ｗ3383かな？","06_B278",20061003,0,0,0
190,30,"B279","B279","7.5","6","スギ",144,NA,"06_B279",20061003,0,0,0
190,30,"B280","B280","9","8","スギ",305.3,"メジャーは水平に！","06_B280",20061003,0,0,0
190,30,"B281","B281","6.1","8","エゴノキ",16,"281,282同株","06_B281",20061003,0,0,0
190,30,"B282","B281","6","8","エゴノキ",16.6,"281,282同株","06_B282",20061003,0,0,0
190,30,"B283","B283","1","7","ヌルデ",18.2,NA,"06_B283",20061003,0,0,0
190,30,"B284","B284","2","5","ハクウンボク",19.6,NA,"06_B284",20061003,0,0,0
0,40,"Y350","Y350","9","8","スギ",217.2,NA,"06_Y350",20061003,0,0,0
0,40,"Y351","Y351","6","8","スギ",265,NA,"06_Y351",20061003,0,0,0
0,40,"Y352","Y352","5","4","スギ",247.7,NA,"06_Y352",20061003,0,0,0
0,40,"Y353","Y353","4","4","トチノキ",50.8,NA,"06_Y353",20061003,0,0,0
0,40,"Y354","Y354","1","6","ノリウツギ",16.7,"354、355同じ幹　1mHから直上","06_Y354",20061003,0,0,0
0,40,"Y355","Y354","1","6","ノリウツギ",26.7,"354、355同じ幹　斜上","06_Y355",20061003,0,0,0
0,40,"Y356","Y356","4","9.5",NA,15.9,"添伸","06_Y356",20061003,0,0,0
0,40,"Y357","Y357","0","9.5","スギ",62.6,"W無し","06_Y357",20061003,0,0,0
0,40,"Y358","Y358","3","3",NA,34.5,"アワブキ？","06_Y358",20061003,0,0,0
10,40,"Y345","Y345","8","3","トチノキ",79.9,NA,"06_Y345",20061003,0,0,0
10,40,"Y346","Y346","6","5","スギ",250.5,NA,"06_Y346",20061003,0,0,0
10,40,"Y347","Y347","8","0.5","スギ",168.7,NA,"06_Y347",20061003,0,0,0
10,40,"Y348","Y348","7","1","スギ",299.1,NA,"06_Y348",20061003,0,0,0
10,40,"Y349","Y349","3","10","トチノキ",80.4,NA,"06_Y349",20061003,0,0,0
20,40,"Y340","Y340","8","7","ノリウツギ",15.4,NA,"06_Y340",20061003,0,-1,0
20,40,"Y341","Y341","8","6","スギ",396.2,NA,"06_Y341",20061003,0,0,0
20,40,"Y342","Y342","2","1","スギ",274.3,NA,"06_Y342",20061003,0,0,0
20,40,"Y343","Y343","2","8","スギ",353.2,NA,"06_Y343",20061003,0,0,0
20,40,"Y344","Y344","1","7",NA,30,"エゴノキ？","06_Y344",20061003,0,0,0
20,40,"W1239",NA,NA,NA,"スギ",NA,"枯れ、新札つけず、旧白札のみ98.2","06_W1239",20061003,1,-1,0
30,40,NA,NA,NA,NA,NA,NA,"D:-4とE:-4 測定対象なし",NA,20061003,2,0,0
40,40,"Y339","Y339","5","3",NA,18.5,"幹にぶつぶつ、添伸","06_Y339",20061003,0,0,0
50,40,"Y331","Y331","8.5","1.5","エゴノキ",23,"木道の上","06_Y331",20061003,0,0,0
50,40,"Y332","Y332","6.5","3","エゴノキ",15.2,NA,"06_Y332",20061003,0,-1,0
50,40,"Y333","Y333","6","1",NA,17.2,"幹にぶつぶつ、添伸","06_Y333",20061003,0,0,0
50,40,"Y334","Y334","3.5","0","ノリウツギ",21.8,NA,"06_Y334",20061003,0,0,0
50,40,"Y335","Y335","5","2","スギ",133.2,NA,"06_Y335",20061003,0,0,0
50,40,"Y336","Y336","9","6","スギ",283.3,NA,"06_Y336",20061003,0,0,0
50,40,"Y337","Y337","9","7","エゴノキ",27,NA,"06_Y337",20061003,0,0,0
50,40,"Y338","Y338","3","8","スギ",418.1,NA,"06_Y338",20061003,0,0,0
60,40,"Y326","Y326","8","8","スギ",240.8,NA,"06_Y326",20061003,0,0,0
60,40,"Y327","Y327","5","8","スギ",301.9,NA,"06_Y327",20061003,0,0,0
60,40,"Y328","Y328","4","4",NA,22,"エゴノキ？","06_Y328",20061003,0,0,0
60,40,"Y329","Y329","3","2",NA,30.5,"ハクウンボク？","06_Y329",20061003,0,0,0
60,40,"Y330","Y330","1","10","スギ",263.1,NA,"06_Y330",20061003,0,0,0
70,40,"Y186","Y186","6","9.5","ノリウツギ",25.4,NA,"04_Y186",20061003,0,0,0
70,40,"Y50","Y50","1","4.5","トチノキ",78,NA,"00_Y50",20061003,0,0,0
70,40,"Y51","Y50","1","4","トチノキ",18.3,NA,"00_Y51",20061003,0,0,0
70,40,"Y52","Y52","1","5.5","スギ",182.4,NA,"00_Y52",20061003,0,0,0
70,40,"Y53","Y53","2","9","スギ",186.2,"ふだ回収","00_Y53",20061003,0,0,0
70,40,"Y54","Y54","7","7","ハクウンボク",34,NA,"00_Y54",20061003,0,0,0
70,40,"Y55","Y55","6","2","スギ",238.9,NA,"00_Y55",20061003,0,0,0
70,40,"Y56","Y56","7","1.5","コミネカエデ",20.6,NA,"00_Y56",20061003,0,0,0
70,40,"Y57","Y56","7","1","コミネカエデ",NA,"13.5","00_Y57",20061003,2,0,0
70,40,"Y58","Y58","10","2","トチノキ",22.5,NA,"00_Y58",20061003,0,0,0
70,40,"Y60","Y60","8","8","スギ",205,NA,"00_Y60",20061003,0,0,0
70,40,"Y61","Y61","9","8","ノリウツギ",19.9,NA,"00_Y61",20061003,0,0,0
70,40,"Y63","Y63","8","6","ノリウツギ",19.3,NA,"00_Y63",20061003,0,0,0
80,40,NA,"12 ","1.2","1.2","スギ",NA,NA,"80_12",20061003,1,-1,0
80,40,"Y180","Y180","4","9.5","サワグルミ",15.3,NA,"04_Y180",20061003,0,-1,0
80,40,"Y181","Y181","2","1","ノリウツギ",NA,"14","04_Y181",20061003,2,0,0
80,40,"Y182","Y182","2","6","ノリウツギ",NA,"14.1","04_Y182",20061003,2,0,0
80,40,"Y183","Y183","3","2","ノリウツギ",NA,"13.5","04_Y183",20061003,2,0,0
80,40,"Y292","Y185","7","5","ウワミズザクラ",NA,"13.7札落ち　キブシをキウワミズザクラに訂正","04_Y185",20061003,2,0,0
80,40,"Y59","Y59","2","0.8","スギ",68,NA,"00_Y59",20061003,0,0,0
80,40,"Y62-1","Y62","0.5","8","ノリウツギ",NA,"14.6","00_Y62-1",20061003,2,0,0
80,40,"Y62-2","Y62","0.3","8","ノリウツギ",16.2,NA,"00_Y62-2",20061003,0,0,0
80,40,"Y64","Y64","2","10","トチノキ",25.5,NA,"00_Y64",20061003,0,0,0
80,40,"Y65","Y65","6","8","スギ",314.2,NA,"00_Y65",20061003,0,0,0
80,40,"Y66","Y66","7","5","ウワミズザクラ",22.5,NA,"00_Y66",20061003,0,0,0
80,40,"Y67","Y67","6.5","3.5","スギ",303.6,NA,"00_Y67",20061003,0,0,0
80,40,"Y179","Y71","9.5","9.5","ノリウツギ",15.4,"Y71,179同株","04_Y179",20061003,0,-1,0
90,40,NA,"5 ","6.7","3.6","スギ",NA,NA,"80_5",20061003,1,-1,0
90,40,"Y178","Y178","4","3","クサギ",NA,"13.1","04_Y178",20061003,2,0,0
90,40,"Y184","Y184","2","4","ホオノキ",21.6,"倒伏","04_Y184",20061003,0,0,0
90,40,"Y293","Y68","1","5","トチノキ",25,NA,"00_Y68",20061003,0,0,0
90,40,"Y291","Y69","2","2","スギ",238.2,NA,"00_Y69",20061003,0,0,0
90,40,"Y70","Y70","5","3","トチノキ",24.5,NA,"00_Y70",20061003,0,0,0
90,40,"Y71","Y71","0.5","9.5","ノリウツギ",15,"Ｙ71、179と同株","00_Y71",20061003,0,-1,0
100,40,NA,"1 ","8.1","5.7","スギ",NA,NA,"80_1",20061003,1,-1,0
100,40,"Y176","Y176","5","1","イイギリ",18.7,"層状","04_Y176",20061003,0,0,0
100,40,"Y177","Y177","4","8","オオバクロモジ",NA,"14.3","04_Y177",20061003,2,0,0
100,40,"Y72","Y72","3.5","9.5","スギ",305,NA,"00_Y72",20061003,0,0,0
100,40,"Y73","Y73","7","8","クサギ",NA,"14.6","00_Y73",20061003,2,0,0
100,40,"Y74","Y74","8.5","3","トチノキ",25.8,NA,"00_Y74",20061003,0,0,0
100,40,"Y294","Y75","9","1","トチノキ",24.2,NA,"00_Y75",20061003,0,0,0
110,40,"Y295","Y295","3","8","スギ",291.8,NA,"06_Y295",20061003,0,0,0
110,40,"Y296","Y296","7","9","ハウチワカエデ",23.5,NA,"06_Y296",20061003,0,0,0
110,40,"Y297","Y297","3.5","9","アワブキ",27,NA,"06_Y297",20061003,0,0,0
110,40,"Y298","Y298","3.5","9","アワブキ",23.8,NA,"06_Y298",20061003,0,0,0
110,40,"Y299","Y299","9","2.5","ハウチワカエデ",27.7,NA,"06_Y299",20061003,0,0,0
110,40,"Y300","Y300","8.5","3","アカイタヤ",94.1,NA,"06_Y300",20061003,0,0,0
120,40,"Y302","Y302","3","4","スギ",265.2,"Ｙ302　ツル込み","06_Y302",20061003,0,0,0
120,40,"Y303","Y303","3.5","5","アワブキ",53.5,"Ｙ303〜306はＹ297と同じ、同株","06_Y303",20061003,0,0,0
120,40,"Y304","Y303","3.5","5","アワブキ",15.4,"Ｙ303〜306はＹ297と同じ、同株","06_Y304",20061003,0,-1,0
120,40,"Y305","Y303","3.5","5","アワブキ",28.8,"Ｙ303〜306はＹ297と同じ、同株","06_Y305",20061003,0,0,0
120,40,"Y306","Y303","3.5","5","アワブキ",17.5,"Ｙ303〜306はＹ297と同じ、同株","06_Y306",20061003,0,0,0
130,40,"Y251","Y251","6","2","スギ",242.7,"尾根上","06_Y251",20061003,0,0,0
130,40,"Y252","Y252","5.5","2","アカイタヤ",71.5,"尾根上","06_Y252",20061003,0,0,0
130,40,"Y254","Y254","5","9.5","スギ",193.8,"尾根上","06_Y254",20061003,0,0,0
130,40,"Y255","Y255","5","9","ヤマモミジ",58.1,"尾根上","06_Y255",20061003,0,0,0
130,40,"Y256","Y256","5","2","スギ",195.4,"南側斜面","06_Y256",20061003,0,0,0
130,40,"Y257","Y257","1.5","6","アオハダ",46.8,"南側斜面　Ｙ257，258同株","06_Y257",20061003,0,0,0
130,40,"Y258","Y257","1.5","6","アオハダ",42.4,"南側斜面　Ｙ257，258同株","06_Y258",20061003,0,0,0
130,40,"Y259","Y259","2","1","スギ",116.7,"Ｙ259　主軸先折れ　南側斜面","06_Y259",20061003,0,0,0
130,40,"Y260","Y260","9","1","クリ",17.4,"尾根上","06_Y260",20061003,0,0,0
130,40,"Y261","Y261","9.5","7","スギ",264,"北側斜面　ツルをはぐ","06_Y261",20061003,0,0,0
130,40,"Y262","Y262","8","9","スギ",263,"北側斜面　ツルをはぐ　コブの上で測る","06_Y262",20061003,0,0,0
130,40,"Y263","Y263","9.5","9.5","オオヤマザクラ",27.1,"北側斜面","06_Y263",20061003,0,0,0
130,40,"Y264","Y264","10","9","ハウチワカエデ",24,"北側斜面","06_Y264",20061003,0,0,0
130,40,"Y265","Y265","7","9","ホオノキ",18.4,"西に落ち始め","06_Y265",20061003,0,0,0
130,40,"Y266","Y266","4","8","ハクウンボク",19.3,"西に落ち始め","06_Y266",20061003,0,0,0
130,40,"Y307","Y307","1","3","アワブキ",21.7,"Ｙ307　Ｙ297と同じ　南側斜面","06_Y307",20061003,0,0,0
130,40,"Y308","Y308","1","4.5","アワブキ",27.3,"Ｙ308　Ｙ297と同じ　南側斜面","06_Y308",20061003,0,0,0
130,40,"Y309","Y309","1","5","スギ",190.6,"南側斜面","06_Y309",20061003,0,0,0
130,40,"Y310","Y310","1","10","アカイタヤ",42.2,NA,"06_Y310",20061003,0,0,0
140,40,"Y267","Y267","1","7","アワブキ",31.6,NA,"06_Y267",20061003,0,0,0
140,40,"Y268","Y268","3","7.5","アカイタヤ",59.2,NA,"06_Y268",20061003,0,0,0
140,40,"Y269","Y269","4","7","アワブキ",16,NA,"06_Y269",20061003,0,0,0
140,40,"Y270","Y270","4","8","ナナカマド",15.5,NA,"06_Y270",20061003,0,-1,0
140,40,"Y271","Y271","6","1","ハクウンボク",37.8,"根返り","06_Y271",20061003,0,0,0
140,40,"Y272","Y272","9","3","アカシデ",61.7,"倒伏、根元Ｘ、Ｙ＝1,1　側枝立ち","06_Y272",20061003,0,0,0
150,40,"Y273","Y273","6","8","ホオノキ",36,NA,"06_Y273",20061003,0,0,0
150,40,"Y274","Y274","8","8.5",NA,26.5,"幹折れ、芽のみ生き、種名？ウワミズザクラ?シウリかも","06_Y274",20061003,0,0,0
150,40,"Y275","Y275","8","7.5","ウワミズザクラ",19,"275，276同株　先折れ、側枝立ち","06_Y275",20061003,0,0,0
150,40,"Y276","Y275","8","7.4","ウワミズザクラ",20.1,"275，276同株　先折れ、側枝立ち","06_Y276",20061003,0,0,0
150,40,"Y277","Y277","6","2","イイギリ",35.9,NA,"06_Y277",20061003,0,0,0
150,40,"Y278","Y278","8","2","タラノキ",16.2,NA,"06_Y278",20061003,0,0,0
160,40,"Y279","Y279","4","3",NA,28.7,"葉なし　ウワミズザクラ？?シウリザクラ？？","06_Y279",20061003,0,0,0
160,40,"Y280","Y280","8","1","エゴノキ",16.1,"倒れ","06_Y280",20061003,0,0,0
170,40,"Y281","Y281","3","0","サワグルミ",67.7,"ギャップ中央付近","06_Y281",20061003,0,0,0
170,40,"Y282","Y282","4","0","クサギ",19.6,NA,"06_Y282",20061003,0,0,0
170,40,"Y283","Y283","6","4","トチノキ",28.6,NA,"06_Y283",20061003,0,0,0
170,40,"Y284","Y284","7","5","トチノキ",26,NA,"06_Y284",20061003,0,0,0
170,40,"Y285","Y285","2","10","クサギ",22.7,NA,"06_Y285",20061003,0,0,0
170,40,"Y286","Y286","5","9.5","トチノキ",32.4,NA,"06_Y286",20061003,0,0,0
170,40,"Y287","Y287","8","7","スギ",15.7,"更新木、切り株上","06_Y287",20061003,0,0,0
170,40,"Y288","Y288","9","8","スギ",23.9,"更新木、切り株上","06_Y288",20061003,0,0,0
170,40,"Y288.1","Y288.1","8.5","4","サワグルミ",27,NA,"06_Y288",20061003,0,0,0
170,40,"Y289","Y289","9","3",NA,16.3,"種・要確認　落葉","06_Y289",20061003,0,0,0
170,40,"Y311","Y311","9.5","2","クサギ",NA,"立ち枯れ19","06_Y311",20061003,1,-1,0
170,40,"Y312","Y312","9.5","5",NA,NA,"立ち枯れ、種不明23.9","06_Y312",20061003,1,-1,0
180,40,"Y313","Y313","5","7","エゴノキ",19.5,"倒れ","06_Y313",20061003,0,0,0
180,40,"Y314","Y314","8","6","サワグルミ",48.8,NA,"06_Y314",20061003,0,0,0
180,40,"Y315","Y315","9.5","4","タラノキ",19.7,NA,"06_Y315",20061003,0,0,0
190,40,"Y316","Y316","1","8",NA,19.8,"アワブキ？シウリかも","06_Y316",20061003,0,0,0
190,40,"Y317","Y317","3","9","アカイタヤ",15.7,NA,"06_Y317",20061003,0,0,0
190,40,"Y318","Y318","6","8","マルバマンサク",16.6,NA,"06_Y318",20061003,0,0,0
190,40,"Y319","Y319","9","7","スギ",200.1,NA,"06_Y319",20061003,0,0,0
190,40,"Y320","Y320","10.5","6","スギ",216.8,"枠外","06_Y320",20061003,0,0,0
190,40,"Y321","Y321","9","1.1","エゴノキ",17.4,"321，322，323　同株","06_Y321",20061003,0,0,0
190,40,"Y322","Y321","9","1","エゴノキ",16.3,"321，322，323　同株","06_Y322",20061003,0,0,0
190,40,"Y323","Y321","9","0.9","エゴノキ",18.2,"321，322，323　同株","06_Y323",20061003,0,0,0
190,40,"Y324","Y324","5","6.5","サンショウ",16.8,"トゲに気をつける","06_Y324",20061003,0,0,0
190,40,"Y325","Y325","6","7","ハクウンボク",16.7,NA,"06_Y325",20061003,0,0,0
